"id","core","parent_combined_id","analyst","bottom_depth","continuity","core_catcher","core_diameter","core_loss_reason","core_ondeck","core_recovery","core_recovery_pc","core_type","drilled_length","igsn","last_section","mcd_offset","oriented","remarks","rqd_abundance","rqd_intensity","temperature","top_depth"
38,1,"5063_1_C","NB",3,,1,67,"DRILL","2017-06-15 09:00:00","2.9","96.666666666667","R",3,"ICDP5063EC81001",3,0,0,"Simple tube barrel used to drill the casing. Fractures of excavation damage zone (blasting fractures) also reduce the RQD.",32,1,,0
39,2,"5063_1_C","NB",6,,1,67,"BROKEN","2017-06-15 08:00:00","2.7",90,"R",3,"ICDP5063EC91001",2,0,0,"Simple tube barrel used to drill the casing. Fractures of excavation damage zone (blasting fractures) also reduce the RQD.",25,1,,3
40,3,"5063_1_C","NB",9,,1,49,,"2017-06-15 08:00:00","3.2","106.66666666667","R",3,"ICDP5063ECC1001",1,0,1,"Core drilled with double core barrel",95,4,,6
41,4,"5063_1_C","NB",12,,1,49,,"2017-06-15 08:00:00",3,100,"R",3,"ICDP5063ECD1001",1,0,1,,88,3,,9
42,5,"5063_1_C","NB",15,,1,49,,"2017-06-15 08:00:00",3,100,"R",3,"ICDP5063ECE1001",3,0,1,,100,4,,12
43,6,"5063_1_C","NB",18,,1,49,,"2017-06-15 08:00:00",3,100,"R",3,"ICDP5063ECF1001",5,"-0.71",1,,89,3,,15
44,7,"5063_1_C","NB",21,,1,49,,"2017-06-15 08:00:00",3,100,"R",3,"ICDP5063ECG1001",1,"-0.71",1,,80,3,,18
45,8,"5063_1_C","NB",24,,1,49,,"2017-06-15 08:00:00",3,100,"R",3,"ICDP5063ECH1001",3,"-0.71",1,,94,4,,21
46,9,"5063_1_C","NB",27,,1,49,,"2017-06-15 08:00:00",3,100,"R",3,"ICDP5063ECJ1001",5,"-0.6",1,,72,2,,24
47,10,"5063_1_C","NB",30,,1,49,,"2017-06-15 08:00:00",3,100,"R",3,"ICDP5063ECK1001",1,"-0.6",1,,94,4,,27
48,11,"5063_1_C","NB",33,,1,49,,"2017-06-15 08:00:00",3,100,"R",3,"ICDP5063ECL1001",3,"-0.6",1,,0,0,,30
49,12,"5063_1_C","NB",36,,1,49,,"2017-06-15 08:00:00",3,100,"R",3,"ICDP5063ECM1001",3,"-0.4",1,,72,2,,33
50,13,"5063_1_C","NB",39,,1,49,,"2017-06-15 08:00:00",3,100,"R",3,"ICDP5063ECN1001",1,"-0.4",1,,96,4,,36
51,14,"5063_1_C","NB",42,,1,49,,"2017-06-15 08:00:00",3,100,"R",3,"ICDP5063ECO1001",1,"-0.4",1,,96,4,,39
52,15,"5063_1_C","NB",45,,1,49,,"2017-06-15 08:00:00",3,100,"R",3,"ICDP5063ECP1001",1,"-0.5",1,,100,4,,42
53,16,"5063_1_C","NB",48,,1,49,,"2017-06-15 08:00:00",3,100,"R",3,"ICDP5063ECQ1001",3,"-0.5",1,,97,4,,45
54,17,"5063_1_C","NB",51,,1,49,,"2017-06-15 08:00:00",3,100,"R",3,"ICDP5063ECR1001",4,"-0.5",1,,96,4,,48
55,18,"5063_1_C","NB",54,,1,49,,"2017-06-15 08:00:00",3,100,"R",3,"ICDP5063ECS1001",2,"-0.45",1,,98,4,,51
56,19,"5063_1_C","NB",57,,1,49,,"2017-06-15 08:00:00",3,100,"R",3,"ICDP5063ECT1001",1,"-0.45",1,,79,3,,54
57,20,"5063_1_C","NB",60,,1,49,,"2017-06-15 08:00:00",3,100,"R",3,"ICDP5063ECU1001",7,"-0.55",1,,93,4,,57
58,21,"5063_1_C","NB",63,,1,49,,"2017-06-15 08:00:00",3,100,"R",3,"ICDP5063ECV1001",5,"-0.55",1,,95,4,,60
59,22,"5063_1_C","NB",66,,1,49,,"2017-06-15 08:00:00",3,100,"R",3,"ICDP5063ECX1001",5,"-0.55",1,,90,4,,63
60,23,"5063_1_C","NB",69,,1,49,,"2017-06-15 08:00:00",3,100,"R",3,"ICDP5063ECZ1001",5,"-0.41",1,,87,3,,66
61,24,"5063_1_C","NB",72,,1,49,,"2017-06-15 08:00:00",3,100,"R",3,"ICDP5063EC02001",5,"-0.41",1,,86,3,,69
62,25,"5063_1_C","NB",75,,1,49,,"2017-06-15 08:00:00",3,100,"R",3,"ICDP5063EC12001",4,"-0.41",1,,91,0,,72
63,26,"5063_1_C","NB",78,,1,49,,"2017-06-15 08:00:00",3,100,"R",3,"ICDP5063EC22001",1,"-0.43",1,,95,4,,75
64,27,"5063_1_C","NB",81,,1,49,,"2017-06-15 08:00:00",3,100,"R",3,"ICDP5063EC32001",1,"-0.43",1,,95,4,,78
65,28,"5063_1_C","NB",84,,1,49,,"2017-06-15 08:00:00",3,100,"R",3,"ICDP5063EC42001",2,"-0.43",1,,93,4,,81
66,29,"5063_1_C","NB",87,,1,49,,"2017-06-23 08:00:00",3,100,"R",3,"ICDP5063EC62001",5,"-0.69",1,,97,4,,84
67,30,"5063_1_C","NB",90,,1,49,,"2017-06-23 08:00:00",3,100,"R",3,"ICDP5063EC72001",1,"-0.69",1,,96,4,,87
68,31,"5063_1_C","NB",93,,1,49,,"2017-06-23 08:00:00",3,100,"R",3,"ICDP5063EC82001",3,"-0.69",1,,98,4,,90
69,32,"5063_1_C","NB",96,,1,49,,"2017-06-23 08:00:00",3,100,"R",3,"ICDP5063EC92001",3,"-0.47",1,,96,4,,93
70,33,"5063_1_C","NB",99,,1,49,,"2017-06-23 08:00:00",3,100,"R",3,"ICDP5063ECA2001",3,"-0.47",1,,92,4,,96
71,34,"5063_1_C","NB","100.5",,1,49,,"2017-06-23 08:00:00","1.35",90,"R","1.5","ICDP5063ECD2001",2,"-0.47",1,,98,4,,99
72,36,"5063_1_C","NB",105,,1,49,"DISC","2017-06-23 08:00:00","2.95","98.333333333333","R",3,"ICDP5063ECE2001",3,"0.8",1,,94,4,,102
73,37,"5063_1_C","NB",108,,1,49,,"2017-06-23 08:00:00",3,100,"R",3,"ICDP5063ECF2001",1,"0.8",1,,100,0,,105
74,38,"5063_1_C","NB",111,,1,49,,"2017-06-23 08:00:00",3,100,"R",3,"ICDP5063ECG2001",0,"0.44",1,,100,4,,108
75,39,"5063_1_C","NB",114,,1,49,,"2017-06-23 08:00:00",0,100,"R",3,"ICDP5063ECO3001",1,"0.44",1,,100,4,,111
76,40,"5063_1_C","NB",117,,1,49,,"2017-06-23 08:00:00",3,100,"R",3,"ICDP5063ECP3001",1,"0.44",1,,100,4,,114
77,41,"5063_1_C","NB",120,,1,49,,"2017-06-23 08:00:00",3,100,"R",3,"ICDP5063ECQ3001",2,"0.42",1,,100,4,,117
78,42,"5063_1_C","NB",123,,1,49,,"2017-06-28 08:00:00",3,100,"R",3,"ICDP5063ECR3001",1,"0.42",1,,100,4,,120
79,43,"5063_1_C","NB",126,,1,49,,"2017-06-28 08:00:00",3,100,"R",3,"ICDP5063ECS3001",4,"0.42",1,,93,4,,123
80,44,"5063_1_C","NB",129,,1,49,,"2017-06-28 08:00:00",3,100,"R",3,"ICDP5063ECU3001",5,"0.37",1,,97,4,,126
81,45,"5063_1_C","NB",132,,1,49,,"2017-06-28 08:00:00",3,100,"R",3,"ICDP5063ECV3001",3,"0.37",1,,100,4,,129
82,46,"5063_1_C","NB",135,,1,49,,"2017-06-28 08:00:00",3,100,"R",3,"ICDP5063ECW3001",4,"0.37",1,,100,4,,132
83,47,"5063_1_C","NB",138,,1,49,,"2017-06-28 08:00:00",3,100,"R",3,"ICDP5063ECY3001",1,"0.47",1,,100,4,,135
84,48,"5063_1_C","NB",141,,1,49,,"2017-06-28 08:00:00",3,100,"R",3,"ICDP5063ECZ3001",1,"0.47",1,,100,4,,138
85,49,"5063_1_C","NB",144,,1,49,,"2017-06-28 08:00:00",0,0,"R",3,"ICDP5063EC04001",4,"0.47",1,,100,4,,141
86,50,"5063_1_C","NB",147,,1,49,,"2017-06-28 08:00:00",3,100,"R",3,"ICDP5063EC14001",1,"0.79",1,,100,4,,144
87,51,"5063_1_C","NB",150,,1,49,,"2017-06-28 08:00:00",3,100,"R",3,"ICDP5063EC34001",2,"0.79",1,,96,4,,147
88,52,"5063_1_C","NB",153,,1,49,,"2017-06-28 08:00:00",3,100,"R",3,"ICDP5063EC44001",1,"0.79",1,,99,4,,150
89,53,"5063_1_C","NB",156,,1,49,,"2017-06-28 08:00:00",3,100,"R",3,"ICDP5063EC54001",2,"0.49",1,"Transition from Roodeport siltstone to Roodeport quartzite",100,4,,153
90,54,"5063_1_C","NB",159,,1,49,,"2017-07-04 08:00:00",3,100,"R",3,"ICDP5063EC84001",1,"0.49",1,,97,4,,156
91,55,"5063_1_C","NB",162,,1,49,,"2017-07-04 08:00:00",3,100,"R",3,"ICDP5063EC94001",1,"0.49",1,,100,4,,159
92,56,"5063_1_C","NB",165,,1,49,,"2017-07-04 08:00:00",3,100,"R",3,"ICDP5063ECB4001",1,"-1.69",1,,99,4,,162
93,57,"5063_1_C","NB",168,,1,49,,"2017-07-04 08:00:00",3,100,"R",3,"ICDP5063ECC4001",1,"-1.69",1,,100,4,,165
94,58,"5063_1_C","NB",171,,1,49,,"2017-07-04 08:00:00",3,100,"R",3,"ICDP5063ECD4001",1,"-1.69",1,,100,4,,168
95,59,"5063_1_C","NB",174,,1,49,,"2017-07-04 08:00:00",3,100,"R",3,"ICDP5063ECE4001",1,"-1.72",1,,100,4,,171
96,60,"5063_1_C","NB",177,,1,49,,"2017-07-04 08:00:00",3,100,"R",3,"ICDP5063ECF4001",1,"-1.72",1,,95,4,,174
97,61,"5063_1_C","NB",180,,1,49,,"2017-07-04 08:00:00",3,100,"R",3,"ICDP5063ECG4001",3,"-1.72",1,,100,4,,177
98,62,"5063_1_C","HO",183,,1,49,"BROKEN","2017-07-04 08:00:00","2.9","96.666666666667","R",3,"ICDP5063ECQ2001",3,"-0.45",1,"Drill bit change",100,4,,180
99,63,"5063_1_C","MZ",186,,1,49,"CONTAM","2017-08-15 09:35:00","3.06",102,"R",3,"ICDP5063ECR2001",3,"-0.45",1,,12,4,,183
100,64,"5063_1_C","NB","188.65",,1,49,,"2017-07-04 08:00:00",3,"113.20754716981","R","2.65","ICDP5063ECK4001",1,"-0.45",1,,97,4,,186
101,65,"5063_1_C","NB","191.65",,1,49,,"2017-07-04 08:00:00",3,100,"R",3,"ICDP5063ECL4001",2,"-1.43",1,,0,0,,"188.65"
102,66,"5063_1_C","NB","194.65",,1,49,,"2017-07-04 08:00:00",0,0,"R",3,"ICDP5063ECM4001",3,"-1.43",0,,0,0,,"191.65"
103,67,"5063_1_C","NB","197.65",,1,49,,"2017-07-04 08:00:00",3,100,"R",3,"ICDP5063ECS4001",3,"-1.43",0,,0,0,,"194.65"
104,68,"5063_1_C","NB","200.65",,1,49,,"2017-07-04 08:00:00",3,100,"R",3,"ICDP5063ECT4001",3,"-1.4",0,,0,0,,"197.65"
105,69,"5063_1_C","NB","203.65",,1,49,,"2017-07-04 08:00:00",3,100,"R",3,"ICDP5063ECU4001",3,"-1.4",0,,0,0,,"200.65"
106,70,"5063_1_C","NB","206.65",,1,49,,"2017-07-04 08:00:00",3,100,"R",3,"ICDP5063ECV4001",3,"-1.4",0,,0,0,,"203.65"
107,71,"5063_1_C","NB","209.65",,1,49,,"2017-07-04 08:00:00",3,100,"R",3,"ICDP5063ECW4001",3,"-0.05",0,,0,0,,"206.65"
108,72,"5063_1_C","NB","212.65",,1,49,,"2017-07-04 08:00:00",3,100,"R",3,"ICDP5063ECX4001",3,"-0.05",1,,0,0,,"209.65"
109,73,"5063_1_C","NB","215.65",,1,49,,"2017-07-04 08:00:00",3,100,"R",3,"ICDP5063ECY4001",3,"-0.05",0,,0,0,,"212.65"
110,74,"5063_1_C","NB","218.65",,1,49,,"2017-07-04 08:00:00",3,100,"R",3,"ICDP5063ECZ4001",2,"-1.33",0,,0,0,,"215.65"
111,75,"5063_1_C","NB","221.65",,1,49,,"2017-07-04 08:00:00",3,100,"R",3,"ICDP5063EC05001",2,"-1.33",0,,0,0,,"218.65"
112,76,"5063_1_C","NB","224.65",,1,49,,"2017-07-04 08:00:00",3,100,"R",3,"ICDP5063EC15001",2,"-1.33",0,,0,0,,"221.65"
113,77,"5063_1_C","NB","227.65",,1,49,,"2017-07-04 08:00:00",3,100,"R",3,"ICDP5063EC25001",2,"-1.33",0,,0,0,,"224.65"
114,78,"5063_1_C","NB","230.65",,1,49,,"2017-07-04 08:00:00",3,100,"R",3,"ICDP5063EC35001",2,"-2.88",0,,0,0,,"227.65"
115,79,"5063_1_C","NB","233.65",,1,49,,"2017-07-04 08:00:00",3,100,"R",3,"ICDP5063EC45001",2,"-2.88",0,,0,0,,"230.65"
116,80,"5063_1_C","NB","236.65",,1,49,,"2017-07-04 08:00:00",3,100,"R",3,"ICDP5063EC55001",3,"-1.67",0,,0,0,,"233.65"
117,81,"5063_1_C","NB","239.65",,1,49,,"2017-07-04 08:00:00",3,100,"R",3,"ICDP5063EC65001",2,"-1.67",0,,0,0,,"236.65"
118,82,"5063_1_C","NB","242.65",,1,49,,"2017-07-04 08:00:00",3,100,"R",3,"ICDP5063EC85001",2,"-1.67",0,,0,0,,"239.65"
119,83,"5063_1_C","NB","245.65",,1,49,,"2017-07-04 08:00:00",3,100,"R",3,"ICDP5063ECA5001",2,"-1.6",0,,0,0,,"242.65"
120,84,"5063_1_C","NB","248.65",,1,49,,"2017-07-04 08:00:00",3,100,"R",3,"ICDP5063ECI5001",2,"-1.6",1,,100,4,,"245.65"
121,85,"5063_1_C","NB","251.65",,1,49,,"2017-07-04 08:00:00",0,0,"R",3,"ICDP5063ECV5001",2,"-1.6",0,,100,4,,"248.65"
122,86,"5063_1_C","NB","254.65",,1,49,,"2017-07-04 08:00:00",3,100,"R",3,"ICDP5063ECW5001",2,"-1.56",0,,100,4,,"251.65"
123,87,"5063_1_C","NB","257.65",,1,49,,"2017-07-04 08:00:00",3,100,"R",3,"ICDP5063ECX5001",2,"-1.56",1,,100,4,,"254.65"
124,88,"5063_1_C","NB","260.65",,1,49,,"2017-07-04 08:00:00",3,100,"R",3,"ICDP5063ECY5001",2,"-1.56",1,,100,4,,"257.65"
125,89,"5063_1_C","NB","263.65",,1,49,,"2017-07-04 08:00:00",3,100,"R",3,"ICDP5063EC36001",2,"-1.56",1,,100,4,,"260.65"
126,90,"5063_1_C","NB","266.65",,1,49,,"2017-07-04 08:00:00",3,100,"R",3,"ICDP5063EC46001",2,"-1.56",1,,100,4,,"263.65"
127,91,"5063_1_C","NB","269.65",,1,49,,"2017-07-04 08:00:00",3,100,"R",3,"ICDP5063EC56001",2,"-1.56",1,,100,4,,"266.65"
128,92,"5063_1_C","NB","272.65",,1,49,,"2017-07-04 08:00:00",3,100,"R",3,"ICDP5063EC66001",2,"-1.55",1,,100,4,,"269.65"
129,93,"5063_1_C","NB","275.65",,1,49,,"2017-07-04 08:00:00",3,100,"R",3,"ICDP5063EC76001",2,"-1.55",1,,100,4,,"272.65"
130,94,"5063_1_C","NB","278.65",,1,49,,"2017-07-04 08:00:00",3,100,"R",3,"ICDP5063EC86001",2,"-1.55",1,,100,4,,"275.65"
131,95,"5063_1_C","NB","281.65",,1,49,,"2017-07-04 08:00:00",3,100,"R",3,"ICDP5063EC96001",2,"-1.59",1,,100,4,,"278.65"
132,96,"5063_1_C","NB","284.65",,1,49,,"2017-07-04 08:00:00",3,100,"R",3,"ICDP5063ECA6001",2,"-1.59",1,,100,4,,"281.65"
133,97,"5063_1_C","NB","287.65",,1,49,,"2017-07-04 08:00:00",3,100,"R",3,"ICDP5063ECB6001",2,"-1.59",1,,100,4,,"284.65"
134,98,"5063_1_C","NB","290.65",,0,49,,"2017-07-04 08:00:00",3,100,"R",3,"ICDP5063ECC6001",2,"-1.54",1,,100,4,,"287.65"
135,99,"5063_1_C","NB","293.65",,0,49,,"2017-07-04 08:00:00",3,100,"R",3,"ICDP5063ECD6001",2,"-1.54",1,,100,4,,"290.65"
136,100,"5063_1_C","NB","296.65",,0,49,,"2017-07-04 08:00:00",3,100,"R",3,"ICDP5063ECE6001",2,"-1.54",1,,100,4,,"293.65"
137,101,"5063_1_C","NB","299.65",,1,49,,"2017-07-04 08:00:00",3,100,"R",3,"ICDP5063ECF6001",3,"-1.7",1,,100,4,,"296.65"
138,102,"5063_1_C","NB","302.65",,1,49,,"2017-07-04 08:00:00",3,100,"R",3,"ICDP5063ECG6001",2,"-1.7",1,,0,0,,"299.65"
139,103,"5063_1_C","NB","305.65",,1,49,,"2017-07-04 08:00:00",3,100,"R",3,"ICDP5063ECH6001",3,"-1.7",1,,0,0,,"302.65"
140,104,"5063_1_C","NB","308.65",,1,49,,"2017-07-04 08:00:00",3,100,"R",3,"ICDP5063ECI6001",3,"-1.72",1,,0,0,,"305.65"
141,105,"5063_1_C","NB","311.65",,1,49,,"2017-07-04 08:00:00",3,100,"R",3,"ICDP5063ECJ6001",2,"-1.72",1,,0,0,,"308.65"
142,106,"5063_1_C","NB","314.65",,1,49,,"2017-07-04 08:00:00",3,100,"R",3,"ICDP5063ECO6001",2,"-1.72",1,,0,0,,"311.65"
143,107,"5063_1_C","NB","317.65",,1,49,,"2017-07-04 08:00:00",3,100,"R",3,"ICDP5063ECP6001",3,"-1.96",1,,0,0,,"314.65"
144,108,"5063_1_C","NB","320.65",,1,49,,"2017-07-04 08:00:00",3,100,"R",3,"ICDP5063ECQ6001",3,"-1.96",1,,0,0,,"317.65"
145,109,"5063_1_C","NB","323.65",,1,49,,"2017-07-04 08:00:00",3,100,"R",3,"ICDP5063ECR6001",3,"-1.96",1,,0,0,,"320.65"
146,110,"5063_1_C","NB","326.65",,1,49,,"2017-07-04 08:00:00",3,100,"R",3,"ICDP5063ECS6001",3,"-1.3",1,,0,0,,"323.65"
147,111,"5063_1_C","NB","329.65",,1,49,,"2017-07-04 08:00:00",3,100,"R",3,"ICDP5063ECT6001",3,"-1.3",1,,0,0,,"326.65"
148,112,"5063_1_C","NB","332.65",,1,49,,"2017-07-04 08:00:00",3,100,"R",3,"ICDP5063ECU6001",3,"-1.3",1,,0,0,,"329.65"
149,113,"5063_1_C","NB","335.65",,1,49,,"2017-07-04 08:00:00",3,100,"R",3,"ICDP5063ECV6001",3,"-2.65",1,"there was a core loss between 111 and 112 1m15cm missing between 331m to 333m",0,0,,"332.65"
150,114,"5063_1_C","NB","338.65",,1,49,,"2017-07-04 08:00:00",3,100,"R",3,"ICDP5063ECW6001",2,"-2.65",1,,100,4,,"335.65"
151,115,"5063_1_C","NB","341.65",,0,49,,"2017-07-04 08:00:00",3,100,"R",3,"ICDP5063ECZ6001",3,"-2.65",0,,0,0,,"338.65"
152,116,"5063_1_C","NB","344.65",,1,49,,"2017-07-04 08:00:00",3,100,"R",3,"ICDP5063EC17001",3,"-2.65",1,,0,0,,"341.65"
153,117,"5063_1_C","NB","347.65",,1,49,,"2017-07-04 08:00:00",3,100,"R",3,"ICDP5063EC27001",3,"-4.02",1,,0,0,,"344.65"
154,118,"5063_1_C","NB","350.65",,1,49,,"2017-07-04 08:00:00",3,100,"R",3,"ICDP5063EC37001",3,"-4.02",1,,0,0,,"347.65"
155,119,"5063_1_C","NB","353.65",,1,49,,"2017-07-04 08:00:00",3,100,"R",3,"ICDP5063EC47001",2,"-4.02",1,,0,0,,"350.65"
156,120,"5063_1_C","NB","356.65",,1,49,,"2017-07-04 08:00:00",3,100,"R",3,"ICDP5063EC57001",3,"-4.16",1,,0,0,,"353.65"
157,121,"5063_1_C","NB","359.65",,1,49,,"2017-07-04 08:00:00",3,100,"R",3,"ICDP5063EC67001",2,"-4.16",1,,0,0,,"356.65"
158,122,"5063_1_C","NB","362.65",,1,49,,"2017-07-04 08:00:00",3,100,"R",3,"ICDP5063EC77001",2,"-4.16",1,,0,0,,"359.65"
159,123,"5063_1_C","NB","365.65",,1,49,,"2017-07-04 08:00:00",3,100,"R",3,"ICDP5063ECC7001",2,"-3.96",1,,0,0,,"362.65"
160,124,"5063_1_C","NB","368.65",,1,49,,"2017-07-04 08:00:00",3,100,"R",3,"ICDP5063ECD7001",2,"-3.96",1,,0,0,,"365.65"
161,125,"5063_1_C","NB","371.65",,1,49,,"2017-07-04 08:00:00",3,100,"R",3,"ICDP5063ECE7001",2,"-3.96",1,,0,0,,"368.65"
162,126,"5063_1_C","NB","374.65",,1,49,,"2017-07-04 08:00:00",3,100,"R",3,"ICDP5063ECF7001",2,"-3.97",1,,0,0,,"371.65"
163,127,"5063_1_C","NB","377.65",,1,49,,"2017-07-04 08:00:00",3,100,"R",3,"ICDP5063ECG7001",2,"-3.97",1,,0,0,,"374.65"
164,128,"5063_1_C","NB","380.65",,1,49,,"2017-07-04 08:00:00",3,100,"R",3,"ICDP5063ECH7001",2,"-3.97",1,,0,0,,"377.65"
165,129,"5063_1_C","NB","383.65",,1,49,,"2017-07-04 08:00:00",3,100,"R",3,"ICDP5063ECI7001",2,"-3.92",1,,0,0,,"380.65"
166,130,"5063_1_C","NB","386.65",,1,49,,"2017-07-04 08:00:00",3,100,"R",3,"ICDP5063ECJ7001",2,"-3.92",1,,0,0,,"383.65"
167,131,"5063_1_C","NB","389.65",,1,49,,"2017-07-04 08:00:00",3,100,"R",3,"ICDP5063ECK7001",3,"-3.92",1,,0,0,,"386.65"
168,132,"5063_1_C","NB","392.65",,1,49,,"2017-07-04 08:00:00",3,100,"R",3,"ICDP5063ECL7001",3,"-3.96",1,,0,0,,"389.65"
169,133,"5063_1_C","NB","395.65",,1,49,,"2017-07-04 08:00:00",3,100,"R",3,"ICDP5063ECM7001",3,"-3.96",1,,0,0,,"392.65"
170,134,"5063_1_C","NB","398.65",,1,49,,"2017-07-04 08:00:00",3,100,"R",3,"ICDP5063ECN7001",3,"-3.96",1,,0,0,,"395.65"
171,135,"5063_1_C","NB","401.65",,1,49,,"2017-07-04 08:00:00",3,100,"R",3,"ICDP5063ECO7001",3,"-4.04",1,,0,0,,"398.65"
172,136,"5063_1_C","NB","404.65",,1,49,,"2017-07-04 08:00:00",3,100,"R",3,"ICDP5063ECP7001",3,"-4.04",1,,0,0,,"401.65"
173,137,"5063_1_C","NB","407.65",,1,49,,"2017-07-04 08:00:00",3,100,"R",3,"ICDP5063ECQ7001",3,"-4.04",1,,0,0,,"404.65"
174,138,"5063_1_C","NB","410.65",,1,49,,"2017-07-04 08:00:00",3,100,"R",3,"ICDP5063ECR7001",3,"-4.01",1,,0,0,,"407.65"
175,139,"5063_1_C","NB","413.65",,1,49,,"2017-07-04 08:00:00",3,100,"R",3,"ICDP5063ECS7001",3,"-4.01",1,,0,0,,"410.65"
176,140,"5063_1_C","NB","416.65",,1,49,,"2017-07-04 08:00:00",3,100,"R",3,"ICDP5063ECT7001",3,"-4.01",1,,100,4,,"413.65"
177,141,"5063_1_C","NB","419.65",,1,49,,"2017-07-04 08:00:00",3,100,"R",3,"ICDP5063ECU7001",3,"-4.13",1,,100,4,,"416.65"
178,142,"5063_1_C","NB","422.65",,1,49,,"2017-07-04 08:00:00",3,100,"R",3,"ICDP5063ECV7001",3,"-4.13",1,,100,4,,"419.65"
179,143,"5063_1_C","NB","425.65",,1,49,,"2017-07-04 08:00:00",3,100,"R",3,"ICDP5063ECW7001",3,"-4.13",1,,91,4,,"422.65"
180,144,"5063_1_C","NB","428.65",,1,49,,"2017-07-04 08:00:00",3,100,"R",3,"ICDP5063ECX7001",3,"-5.52",1,,100,4,,"425.65"
181,145,"5063_1_C","NB","431.65",,1,49,,"2017-07-04 08:00:00",3,100,"R",3,"ICDP5063ECY7001",3,"-5.52",1,,100,4,,"428.65"
182,146,"5063_1_C","NB","434.65",,1,49,,"2017-07-04 08:00:00",3,100,"R",3,"ICDP5063ECZ7001",3,"-5.52",,,100,4,,"431.65"
183,147,"5063_1_C","NB","437.65",,1,49,,"2017-07-04 08:00:00",3,100,"R",3,"ICDP5063EC08001",3,"-4.07",1,,100,4,,"434.65"
184,148,"5063_1_C","NB","440.65",,1,49,,"2017-07-04 08:00:00",3,100,"R",3,"ICDP5063EC28001",3,"-4.07",1,,100,0,,"437.65"
185,149,"5063_1_C","NB","443.65",,1,49,,"2017-07-04 08:00:00",3,100,"R",3,"ICDP5063EC38001",3,"-4.07",1,,100,0,,"440.65"
186,150,"5063_1_C","NB","446.65",,1,49,,"2017-07-04 08:00:00",3,100,"R",3,"ICDP5063EC48001",3,"-4.5",1,,100,0,,"443.65"
187,151,"5063_1_C","NB","449.65",,1,49,,"2017-07-04 08:00:00",3,100,"R",3,"ICDP5063EC58001",3,"-4.5",1,,100,0,,"446.65"
188,152,"5063_1_C","NB","452.65",,1,49,,"2017-07-04 08:00:00",3,100,"R",3,"ICDP5063EC68001",3,"-4.5",1,,100,0,,"449.65"
189,153,"5063_1_C","NB","455.65",,1,49,,"2017-07-04 08:00:00",3,100,"R",3,"ICDP5063EC78001",3,"-3.88",1,,100,0,,"452.65"
190,154,"5063_1_C","NB","458.65",,1,49,,"2017-07-04 08:00:00",3,100,"R",3,"ICDP5063EC88001",3,"-3.88",1,,100,0,,"455.65"
191,155,"5063_1_C","NB","461.65",,1,49,,"2017-07-04 08:00:00",3,100,"R",3,"ICDP5063EC98001",3,"-3.88",1,,100,0,,"458.65"
192,156,"5063_1_C","NB","464.65",,1,49,,"2017-07-04 08:00:00",3,100,"R",3,"ICDP5063ECA8001",3,"-3.9",1,,100,0,,"461.65"
193,157,"5063_1_C","NB","467.65",,1,49,,"2017-07-04 08:00:00",3,100,"R",3,"ICDP5063ECB8001",3,"-3.9",1,,100,0,,"464.65"
194,158,"5063_1_C","NB","470.65",,1,49,,"2017-07-04 08:00:00",3,100,"R",3,"ICDP5063ECC8001",2,"-3.9",1,,100,0,,"467.65"
195,159,"5063_1_C","NB","473.65",,1,49,,"2017-07-04 08:00:00",3,100,"R",3,"ICDP5063ECD8001",2,"-3.84",1,,100,0,,"470.65"
196,160,"5063_1_C","NB","476.65",,1,49,,"2017-07-04 08:00:00",3,100,"R",3,"ICDP5063ECE8001",3,"-3.84",1,,100,0,,"473.65"
197,161,"5063_1_C","NB","479.65",,1,49,,"2017-07-04 08:00:00",3,100,"R",3,"ICDP5063ECF8001",3,"-3.83",1,,100,0,,"476.65"
198,162,"5063_1_C","NB","482.65",,1,49,,"2017-07-04 08:00:00",3,100,"R",3,"ICDP5063ECG8001",1,"-3.83",1,,100,0,,"479.65"
199,163,"5063_1_C","NB","485.65",,1,49,,"2017-07-04 08:00:00",3,100,"R",3,"ICDP5063ECH8001",3,"-3.83",1,,100,0,,"482.65"
200,164,"5063_1_C","NB","488.65",,1,49,,"2017-07-04 08:00:00",3,100,"R",3,"ICDP5063ECI8001",3,"-3.83",1,,100,0,,"485.65"
201,165,"5063_1_C","NB","491.65",,1,49,,"2017-07-04 08:00:00",3,100,"R",3,"ICDP5063ECJ8001",3,"-5.63",1,,100,0,,"488.65"
202,166,"5063_1_C","NB","494.65",,1,49,,"2017-07-04 08:00:00",3,100,"R",3,"ICDP5063ECK8001",3,"-5.63",1,,100,0,,"491.65"
203,167,"5063_1_C","NB","497.65",,1,49,,"2017-07-04 08:00:00",3,100,"R",3,"ICDP5063ECL8001",3,"-5.63",1,,100,0,,"494.65"
204,168,"5063_1_C","NB","500.65",,1,49,,"2017-07-04 08:00:00",3,100,"R",3,"ICDP5063ECM8001",3,"-5.63",1,,100,0,,"497.65"
205,169,"5063_1_C","NB","503.65",,1,49,,"2017-07-04 08:00:00",3,100,"R",3,"ICDP5063ECN8001",3,"-5.63",1,,100,0,,"500.65"
206,170,"5063_1_C","NB","506.65",,1,49,,"2017-07-04 08:00:00",3,100,"R",3,"ICDP5063ECO8001",3,"-5.63",1,,100,0,,"503.65"
207,171,"5063_1_C","NB","509.65",,1,49,,"2017-07-04 08:00:00",3,100,"R",3,"ICDP5063ECP8001",3,"-5.62",1,,100,0,,"506.65"
208,172,"5063_1_C","NB","512.65",,1,49,,"2017-07-04 08:00:00",3,100,"R",3,"ICDP5063ECQ8001",3,"-5.62",1,,100,0,,"509.65"
209,173,"5063_1_C","NB","515.65",,1,49,,"2017-07-04 08:00:00",3,100,"R",3,"ICDP5063ECR8001",3,"-5.62",1,,100,0,,"512.65"
210,174,"5063_1_C","NB","518.65",,1,49,,"2017-07-04 08:00:00",3,100,"R",3,"ICDP5063ECS8001",3,"-5.58",1,,100,0,,"515.65"
211,175,"5063_1_C","NB","521.65",,1,49,,"2017-07-04 08:00:00",3,100,"R",3,"ICDP5063ECT8001",3,"-5.58",1,,100,0,,"518.65"
212,176,"5063_1_C","NB","524.65",,1,49,,"2017-07-04 08:00:00",3,100,"R",3,"ICDP5063ECU8001",3,"-5.58",1,,100,0,,"521.65"
213,177,"5063_1_C","NB","527.65",,1,49,,"2017-07-04 08:00:00",3,100,"R",3,"ICDP5063ECV8001",3,"-5.5",1,,100,0,,"524.65"
214,178,"5063_1_C","NB","530.65",,1,49,,"2017-07-04 08:00:00",3,100,"R",3,"ICDP5063ECW8001",3,"-5.5",1,,100,0,,"527.65"
215,179,"5063_1_C","NB","533.65",,1,49,,"2017-07-04 08:00:00",3,100,"R",3,"ICDP5063ECX8001",3,"-5.5",1,,100,0,,"530.65"
216,180,"5063_1_C","NB","536.65",,1,49,,"2017-07-04 08:00:00",3,100,"R",3,"ICDP5063ECY8001",3,"-5.46",1,,100,0,,"533.65"
217,181,"5063_1_C","NB","539.65",,1,49,,"2017-07-04 08:00:00",3,100,"R",3,"ICDP5063ECZ8001",3,"-5.46",1,,100,0,,"536.65"
218,182,"5063_1_C","NB","542.65",,1,49,,"2017-07-04 08:00:00",3,100,"R",3,"ICDP5063EC09001",3,"-5.46",1,,100,0,,"539.65"
219,183,"5063_1_C","NB","545.65",,1,49,,"2017-07-04 08:00:00",3,100,"R",3,"ICDP5063EC19001",3,"-6.97",1,,100,0,,"542.65"
220,184,"5063_1_C","NB","548.65",,1,49,,"2017-07-04 08:00:00",3,100,"R",3,"ICDP5063EC29001",3,"-6.97",1,,100,0,,"545.65"
221,185,"5063_1_C","NB","551.65",,1,49,,"2017-07-04 08:00:00",3,100,"R",3,"ICDP5063EC39001",3,"-6.97",1,,100,0,,"548.65"
222,186,"5063_1_C","NB","554.65",,1,49,,"2017-07-04 08:00:00",3,100,"R",3,"ICDP5063EC49001",3,"-5.36",1,,100,0,,"551.65"
223,187,"5063_1_C","NB","557.65",,1,49,,"2017-07-04 08:00:00",3,100,"R",3,"ICDP5063EC59001",3,"-5.36",1,,100,0,,"554.65"
224,188,"5063_1_C","NB","560.65",,1,49,,"2017-07-04 08:00:00",3,100,"R",3,"ICDP5063EC69001",3,"-5.36",1,,100,0,,"557.65"
225,189,"5063_1_C","NB","563.65",,1,49,,"2017-07-04 08:00:00",3,100,"R",3,"ICDP5063EC79001",3,"-5.16",1,,98,0,,"560.65"
226,190,"5063_1_C","NB","566.65",,1,49,,"2017-07-04 08:00:00",3,100,"R",3,"ICDP5063EC89001",3,"-5.16",1,,93,0,,"563.65"
227,191,"5063_1_C","NB","569.65",,1,49,,"2017-07-04 08:00:00",3,100,"R",3,"ICDP5063EC99001",3,"-5.16",1,,97,0,,"566.65"
228,192,"5063_1_C","NB","572.65",,1,49,,"2017-07-04 08:00:00",3,100,"R",3,"ICDP5063ECA9001",3,"-5.16",1,,85,0,,"569.65"
229,193,"5063_1_C","NB","575.65",,1,49,,"2017-07-04 08:00:00",3,100,"R",3,"ICDP5063ECB9001",3,"-5.16",1,,89,0,,"572.65"
230,194,"5063_1_C","NB","578.65",,1,49,,"2017-07-04 08:00:00",3,100,"R",3,"ICDP5063ECC9001",3,"-5.16",1,,100,0,,"575.65"
231,195,"5063_1_C","NB","581.65",,1,49,,"2017-07-04 08:00:00",3,100,"R",3,"ICDP5063ECD9001",3,"-5.33",1,,100,0,,"578.65"
232,196,"5063_1_C","NB","584.65",,1,49,,"2017-07-04 08:00:00",3,100,"R",3,"ICDP5063ECE9001",3,"-5.33",1,,100,0,,"581.65"
233,197,"5063_1_C","NB","587.65",,1,49,,"2017-07-04 08:00:00",3,100,"R",3,"ICDP5063ECF9001",3,"-5.07",1,,99,0,,"584.65"
234,198,"5063_1_C","NB","590.65",,1,49,,"2017-07-04 08:00:00",3,100,"R",3,"ICDP5063ECG9001",3,"-5.07",1,,100,0,,"587.65"
235,199,"5063_1_C","NB","593.65",,1,49,,"2017-07-04 08:00:00",3,100,"R",3,"ICDP5063ECH9001",3,"-5.07",1,,91,0,,"590.65"
236,200,"5063_1_C","NB","596.65",,1,49,,"2017-07-04 08:00:00","2.84","94.666666666667","R",3,"ICDP5063ECI9001",3,"-6.4",1,,91,0,,"593.65"
237,201,"5063_1_C","NB","599.65",,1,49,,"2017-07-04 08:00:00",3,100,"R",3,"ICDP5063ECJ9001",3,"-6.4",1,,100,0,,"596.65"
238,202,"5063_1_C","NB","602.65",,1,49,,"2017-07-04 08:00:00",3,100,"R",3,"ICDP5063ECK9001",3,"-6.4",1,,100,0,,"599.65"
239,203,"5063_1_C","NB","605.65",,1,49,,"2017-07-04 08:00:00",3,100,"R",3,"ICDP5063ECL9001",3,"-6.34",1,,100,0,,"602.65"
240,204,"5063_1_C","NB","608.65",,1,49,,"2017-07-04 08:00:00",3,100,"R",3,"ICDP5063ECM9001",3,"-6.34",1,,100,0,,"605.65"
241,205,"5063_1_C","NB","611.65",,1,49,,"2017-07-04 08:00:00",3,100,"R",3,"ICDP5063ECN9001",3,"-6.24",1,,100,0,,"608.65"
242,206,"5063_1_C","NB","614.65",,1,49,,"2017-07-04 08:00:00",3,100,"R",3,"ICDP5063ECO9001",3,"-6.24",1,,100,0,,"611.65"
243,207,"5063_1_C","NB","617.65",,1,49,,"2017-07-04 08:00:00","2.17","72.333333333333","R",3,"ICDP5063ECP9001",2,"-6.24",1,,100,0,,"614.65"
244,208,"5063_1_C","NB","620.65",,1,49,,"2017-07-04 08:00:00",3,100,"R",3,"ICDP5063ECR9001",3,"-6.24",1,,100,0,,"617.65"
245,209,"5063_1_C","NB","623.65",,1,49,"CHIPS","2017-07-04 08:00:00","1.37",100,"R",3,"ICDP5063ECS9001",3,"-7.5",1,,100,0,,"620.65"
246,210,"5063_1_C","NB","626.65",,1,49,,"2017-07-04 08:00:00",3,100,"R",3,"ICDP5063ECT9001",3,"-7.5",1,,100,0,,"623.65"
247,211,"5063_1_C","NB","629.65",,1,49,,"2017-07-04 08:00:00","2.4",80,"R",3,"ICDP5063ECU9001",2,"-6.92",1,,100,0,,"626.65"
248,212,"5063_1_C","NB","632.65",,1,49,,"2017-09-19 08:00:00","2.44","81.333333333333","R",3,"ICDP5063ECV9001",3,"-6.92",1,,100,4,,"629.65"
249,213,"5063_1_C","NB","635.65",,1,49,,"2017-09-19 08:00:00","2.95","98.333333333333","R",3,"ICDP5063ECW9001",3,"-6.92",1,,100,4,,"632.65"
250,214,"5063_1_C","NB","638.65",,1,49,,"2017-09-19 08:00:00","3.07","102.33333333333","R",3,"ICDP5063ECX9001",3,"-7.05",1,,100,5,,"635.65"
251,215,"5063_1_C","NB","641.65",,1,49,,"2017-09-19 08:00:00","3.01","100.33333333333","R",3,"ICDP5063ECY9001",2,"-7.05",1,,100,4,,"638.65"
252,216,"5063_1_C","NB","644.65",,1,49,,"2017-09-19 08:00:00","3.01","100.33333333333","R",3,"ICDP5063ECZ9001",2,"-7.05",1,,100,4,,"641.65"
253,217,"5063_1_C","NB","647.65",,1,49,,"2017-09-19 08:00:00","3.01","100.33333333333","R",3,"ICDP5063EC0A001",2,"-6.98",1,,100,4,,"644.65"
254,218,"5063_1_C","NB","650.65",,1,49,,"2017-09-19 08:00:00","2.96","98.666666666667","R",3,"ICDP5063EC1A001",2,"-6.98",1,,100,4,,"647.65"
255,219,"5063_1_C","NB","653.65",,1,49,,"2017-09-19 08:00:00","2.98","99.333333333333","R",3,"ICDP5063EC2A001",2,"-6.98",1,,100,4,,"650.65"
256,220,"5063_1_C","NB","656.65",,1,49,,"2017-09-19 08:00:00","3.09",103,"R",3,"ICDP5063EC3A001",3,"-6.41",1,,100,4,,"653.65"
257,221,"5063_1_C","NB","659.65",,1,49,,"2017-09-19 08:00:00","3.03",101,"R",3,"ICDP5063EC4A001",3,"-6.41",1,,100,4,,"656.65"
258,222,"5063_1_C","NB","662.65",,1,49,,"2017-09-19 08:00:00","3.01","100.33333333333","R",3,"ICDP5063EC5A001",3,"-6.41",1,,100,4,,"659.65"
259,223,"5063_1_C","NB","665.65",,1,49,,"2017-09-19 08:00:00","3.06",102,"R",3,"ICDP5063EC6A001",3,"-7.06",1,,100,4,,"662.65"
260,224,"5063_1_C","NB","668.65",,1,49,,"2017-09-19 08:00:00","2.99","99.666666666667","R",3,"ICDP5063EC7A001",3,"-7.06",1,,100,4,,"665.65"
261,225,"5063_1_C","NB","671.65",,1,49,,"2017-09-19 08:00:00","2.98","99.333333333333","R",3,"ICDP5063EC8A001",3,"-7.06",1,,100,4,,"668.65"
262,226,"5063_1_C","NB","674.65",,1,49,,"2017-09-19 08:00:00","3.01","100.33333333333","R",3,"ICDP5063EC9A001",3,"-7.02",1,,100,4,,"671.65"
263,227,"5063_1_C","NB","677.65",,0,49,,"2017-09-19 08:00:00","2.98","99.333333333333","R",3,"ICDP5063ECAA001",3,"-7.02",1,,100,4,,"674.65"
264,228,"5063_1_C","NB","680.65",,1,49,,"2017-09-19 08:00:00","3.02","100.66666666667","R",3,"ICDP5063ECBA001",3,"-7.02",1,,100,4,,"677.65"
265,229,"5063_1_C","NB","683.65",,1,49,,"2017-09-19 08:00:00","3.03",101,"R",3,"ICDP5063ECCA001",3,"-6.97",1,,100,4,,"680.65"
266,230,"5063_1_C","NB","686.65",,1,49,,"2017-09-19 08:00:00","3.02","100.66666666667","R",3,"ICDP5063ECDA001",3,"-6.97",1,,100,4,,"683.65"
267,231,"5063_1_C","NB","689.65",,1,49,,"2017-09-19 08:00:00",3,100,"R",3,"ICDP5063ECFA001",3,"-6.97",1,,100,4,,"686.65"
268,232,"5063_1_C","NB","692.65",,1,49,,"2017-09-19 08:00:00","3.03",101,"R",3,"ICDP5063ECGA001",3,"-6.99",1,,100,4,,"689.65"
269,233,"5063_1_C","NB","695.65",,1,49,,"2017-09-19 08:00:00",3,100,"R",3,"ICDP5063ECHA001",3,"-6.99",1,,100,4,,"692.65"
270,234,"5063_1_C","NB","698.65",,1,49,,"2017-09-19 08:00:00","2.95","98.333333333333","R",3,"ICDP5063ECIA001",3,"-6.99",1,,100,4,,"695.65"
271,235,"5063_1_C","NB","701.65",,1,49,,"2017-09-19 08:00:00","3.08","102.66666666667","R",3,"ICDP5063ECJA001",3,"-7.03",1,,100,4,,"698.65"
272,236,"5063_1_C","NB","704.65",,1,49,,"2017-09-19 08:00:00",3,100,"R",3,"ICDP5063ECKA001",3,"-7.03",1,,100,4,,"701.65"
273,237,"5063_1_C","NB","707.65",,1,49,,"2017-09-19 08:00:00","3.06",102,"R",3,"ICDP5063ECLA001",3,"-7.03",1,,100,4,,"704.65"
274,238,"5063_1_C","NB","710.65",,1,49,,"2017-09-19 08:00:00","3.02","100.66666666667","R",3,"ICDP5063ECMA001",3,"-7.43",1,,100,4,,"707.65"
275,239,"5063_1_C","NB","713.65",,1,49,,"2017-09-19 08:00:00","2.98","99.333333333333","R",3,"ICDP5063ECNA001",3,"-7.43",1,,100,4,,"710.65"
276,240,"5063_1_C","NB","716.65",,1,49,,"2017-09-19 08:00:00","3.01","100.33333333333","R",3,"ICDP5063ECOA001",3,"-7.43",1,,100,4,,"713.65"
277,241,"5063_1_C","NB","719.65",,1,49,,"2017-09-19 08:00:00","3.08","102.66666666667","R",3,"ICDP5063ECPA001",3,"-7.13",1,,100,4,,"716.65"
278,242,"5063_1_C","NB","722.65",,1,49,,"2017-09-19 08:00:00","2.96","98.666666666667","R",3,"ICDP5063ECQA001",2,"-7.13",1,,100,4,,"719.65"
279,243,"5063_1_C","NB","725.65",,1,49,,"2017-09-19 08:00:00","3.03",101,"R",3,"ICDP5063ECRA001",2,"-7.13",1,,100,4,,"722.65"
280,244,"5063_1_C","NB","728.65",,1,49,,"2017-09-19 08:00:00","3.01","100.33333333333","R",3,"ICDP5063ECSA001",2,"-7.06",1,,100,4,,"725.65"
281,245,"5063_1_C","NB","731.65",,1,49,,"2017-09-19 08:00:00","3.03",101,"R",3,"ICDP5063ECTA001",3,"-7.06",1,,100,4,,"728.65"
282,246,"5063_1_C","NB","734.65",,1,49,,"2017-09-19 08:00:00","3.01","100.33333333333","R",3,"ICDP5063ECUA001",3,"-7.07",1,,100,4,,"731.65"
283,247,"5063_1_C","NB","737.65",,1,49,,"2017-09-19 08:00:00","3.03",101,"R",3,"ICDP5063ECVA001",3,"-7.07",1,,100,4,,"734.65"
284,248,"5063_1_C","NB","740.65",,1,49,,"2017-09-19 08:00:00","2.34",78,"R",3,"ICDP5063ECWA001",2,"-7.07",1,"No available reason for short core run",100,4,,"737.65"
285,249,"5063_1_C","NB","743.65",,1,49,,"2017-09-19 08:00:00","2.99","99.666666666667","R",3,"ICDP5063ECXA001",3,"-7.07",1,,100,4,,"740.65"
286,250,"5063_1_C","NB","746.65",,1,49,,"2017-09-19 08:00:00","3.03",101,"R",3,"ICDP5063ECZA001",2,"-7.77",1,,100,4,,"743.65"
287,251,"5063_1_C","NB","749.65",,1,49,,"2017-09-19 08:00:00","2.97",99,"R",3,"ICDP5063EC0B001",3,"-7.77",1,,100,4,,"746.65"
288,252,"5063_1_C","NB","752.65",,1,49,,"2017-09-19 08:00:00","3.03",101,"R",3,"ICDP5063EC1B001",3,"-7.75",1,,100,4,,"749.65"
289,253,"5063_1_C","NB","755.65",,1,49,,"2017-09-19 08:00:00",3,100,"R",3,"ICDP5063EC2B001",3,"-7.75",1,,100,4,,"752.65"
290,254,"5063_1_C","NB","758.65",,1,49,,"2017-09-19 08:00:00","2.97",99,"R",3,"ICDP5063EC3B001",3,"-7.75",1,,100,4,,"755.65"
291,255,"5063_1_C","NB","761.65",,1,49,,"2017-09-19 08:00:00","3.06",102,"R",3,"ICDP5063EC4B001",3,"-7.69",1,,100,4,,"758.65"
292,256,"5063_1_C","NB","764.65",,1,49,,"2017-09-19 08:00:00",3,100,"R",3,"ICDP5063EC5B001",3,"-7.69",1,,100,4,,"761.65"
293,257,"5063_1_C","NB","767.65",,1,49,,"2017-09-19 08:00:00","3.07","102.33333333333","R",3,"ICDP5063EC6B001",3,"-7.69",1,,100,4,,"764.65"
294,258,"5063_1_C","MR","770.65",,1,49,,"2017-10-11 07:00:00","2.98","99.333333333333","R",3,"ICDP5063ECCB001",2,"-9.13",1,,0,4,,"767.65"
295,259,"5063_1_C","MR","773.65",,1,49,,"2017-10-11 07:00:00","2.91",97,"R",3,"ICDP5063ECDB001",2,"-9.13",1,,0,4,,"770.65"
296,260,"5063_1_C","MR","776.65",,1,"47.5",,"2017-10-11 07:00:00","2.94",98,"R",3,"ICDP5063ECEB001",2,"-9.13",1,,100,4,,"773.65"
297,261,"5063_1_C","MR","779.65",,1,"47.5",,"2017-10-11 07:00:00","3.09",103,"R",3,"ICDP5063ECFB001",3,"-7.93",1,,100,4,,"776.65"
298,262,"5063_1_C","MR","782.65",,1,"47.5",,"2017-10-11 07:00:00","3.01","100.33333333333","R",3,"ICDP5063ECGB001",3,"-7.93",1,,100,4,,"779.65"
299,263,"5063_1_C","MR","785.65",,1,"47.5",,"2017-10-11 07:00:00","3.03",101,"R",3,"ICDP5063ECHB001",3,"-7.93",1,,100,4,,"782.65"
300,264,"5063_1_C","MR","788.65",,1,"47.5",,"2017-10-11 07:00:00","2.86","95.333333333333","R",3,"ICDP5063ECIB001",3,"-7.78",1,,100,4,,"785.65"
301,265,"5063_1_C","MR","791.65",,1,"47.5",,"2017-10-11 07:00:00","3.14","104.66666666667","R",3,"ICDP5063ECJB001",3,"-7.78",1,,100,4,,"788.65"
302,266,"5063_1_C","MR","794.65",,1,"47.5",,"2017-10-11 07:00:00",3,100,"R",3,"ICDP5063ECKB001",3,"-7.78",1,,100,4,,"791.65"
303,267,"5063_1_C","MR","797.65",,1,"47.5",,"2017-10-11 07:00:00","2.76",92,"R",3,"ICDP5063ECLB001",3,"-7.8",0,,100,4,,"794.65"
304,268,"5063_1_C","MR","800.65",,1,"47.5",,"2017-10-11 07:00:00","3.15",105,"R",3,"ICDP5063ECMB001",3,"-7.8",1,,100,4,,"797.65"
305,269,"5063_1_C","MR","803.65",,1,"47.5",,"2017-10-11 07:00:00","3.17","105.66666666667","R",3,"ICDP5063ECNB001",3,"-7.8",1,,100,4,,"800.65"
306,270,"5063_1_C","MR","806.65",,1,"47.5",,"2017-10-11 07:00:00","2.94",98,"R",3,"ICDP5063ECOB001",3,"-7.77",1,,100,4,,"803.65"
307,271,"5063_1_C","MR","809.65",,1,"47.5",,"2017-10-11 07:00:00","3.08","102.66666666667","R",3,"ICDP5063ECPB001",3,"-7.77",1,,100,4,,"806.65"
308,272,"5063_1_C","MR","812.65",,1,"47.5",,"2017-10-11 07:00:00","2.95","98.333333333333","R",3,"ICDP5063ECQB001",3,"-7.77",1,,100,4,,"809.65"
309,273,"5063_1_C","MR","815.65",,1,"47.5",,"2017-10-11 07:00:00","3.05","101.66666666667","R",3,"ICDP5063ECRB001",3,"-7.99",1,,100,4,,"812.65"
310,274,"5063_1_C","MR","818.65",,1,"47.5",,"2017-10-11 07:00:00","2.97",99,"R",3,"ICDP5063ECSB001",3,"-7.99",1,,100,4,,"815.65"
311,275,"5063_1_C","MR","821.65",,1,"47.5",,"2017-10-11 07:00:00","3.07","102.33333333333","R",3,"ICDP5063ECTB001",4,"-7.68",1,,100,4,,"818.65"
312,276,"5063_1_C","MR","824.65",,1,"47.5",,"2017-10-11 07:00:00","3.03",101,"R",3,"ICDP5063ECUB001",3,"-7.99",1,,100,4,,"821.65"
314,35,"5063_1_C","MR",102,,0,"47.5",,"2017-10-11 07:00:00","1.65",110,"R","1.5","ICDP5063ECQ8001",2,"0.8",0,,0,0,,"100.5"
334,277,"5063_1_C","RD",29,,1,55,,"2019-04-15 14:06:00",3,60,"L",5,"ICDP5063ECA9001",4,6,1,,0,0,,24
335,278,"5063_1_C","SB",4,,1,67,,"2017-06-15 09:00:00","2.9","96.666666666667","R",3,"ICDP5063ECB9001",4,0,0,"Simple tube barrel used to drill the casing. Fractures of excavation damage zone (blasting fractures) also reduce the RQD.",0,0,,1
336,279,"5063_1_C","SB",4,,1,67,,"2017-06-15 09:00:00","2.9","96.666666666667","R",3,"ICDP5063ECC9001",4,0,0,"Simple tube barrel used to drill the casing. Fractures of excavation damage zone (blasting fractures) also reduce the RQD.",0,0,,1
337,280,"5063_1_C","SB",4,,1,67,,"2017-06-15 09:00:00","2.9","96.666666666667","R",3,"ICDP5063ECD9001",4,0,0,"Simple tube barrel used to drill the casing. Fractures of excavation damage zone (blasting fractures) also reduce the RQD.",0,0,,1
